kristinlin2007,财新国际官方微博,2019-03-20
yunstefanie,喵米_酱,2019-03-17
青春少年是样样红_52376,净空法师开示语录,2019-03-08
净空法师开示语录,素食公益,2019-03-08
素味平生99,素食公益,2019-03-07
OK_清净,素食公益,2019-03-07
柠檬妈妈噶玛宝月,素食公益,2019-03-07
极地曙光,素食公益,2019-03-07
惠滕利紫,素食公益,2019-03-07
prettyrally,素食公益,2019-03-07
橘子辉煌n,素食公益,2019-03-07
听听_听听,NuclearEngineer,2019-03-09
风吟天下,NuclearEngineer,2019-03-07
这是最后一个PP,NuclearEngineer,2019-03-07
一场新凉,NuclearEngineer,2019-03-06
成绵高速广告大牌,NuclearEngineer,2019-03-06
兩間居士,耗散结构体,2019-03-06
兄台果然是高手,NuclearEngineer,2019-03-06
岐园,NuclearEngineer,2019-03-06
太学箫,NuclearEngineer,2019-03-06
该昵称已经被抢注,NuclearEngineer,2019-03-06
hex0r,NuclearEngineer,2019-03-06
耗散结构体,NuclearEngineer,2019-03-06
锦绣澜涛,NuclearEngineer,2019-03-06
顶风吃饼,NuclearEngineer,2019-03-06
保山同城,魅力龙陵,2019-03-05
保山时讯,魅力龙陵,2019-03-05
yunstefanie,吉和网,2019-03-17
释放心理学,北京日报客户端,2019-03-02
迪加吃鸡吃鸡,北京日报客户端,2019-03-02
前闯的人,北京日报客户端,2019-03-02
感谢你-我的心,北京日报客户端,2019-03-02
我先简单讲两句___,北京日报客户端,2019-03-02
有机农夫杨,北京日报客户端,2019-03-02
miqing755,北京日报客户端,2019-03-02
用户5613602119,汉台公安,2019-03-02
鸟叔假货爆光台,食品调查记者麦客,2019-03-01
食品调查记者麦客,梦寻纳尼亚,2019-03-01
微博中医养生,素问轩-中医,2019-02-28
笑遨人间,笑遨人间,2019-02-28
池中菏叶,东广新闻台,2019-02-27
农夫王充,中国食安之声官微,2019-02-24
帆啊帆啊帆飘了,解解吐槽不容易,2019-02-24
咩遮,NuclearEngineer,2019-02-24
风语者2011世界,NuclearEngineer,2019-02-24
Rosetta20141112,NuclearEngineer,2019-02-23
乌漆嘛黑寻光,一生的碎碎念,2019-02-23
邪魔YUI_今天茶介主役了吗,NuclearEngineer,2019-02-23
二营长的意大利炮仗面,NuclearEngineer,2019-02-23
岐园,NuclearEngineer,2019-02-23
我要吃饭吗,NuclearEngineer,2019-02-23
篮球部落2022,NuclearEngineer,2019-02-23
狼狼爱够king,NuclearEngineer,2019-02-23
卓-迷藏,NuclearEngineer,2019-02-23
龙二,NuclearEngineer,2019-02-23
身在城市意在山林,NuclearEngineer,2019-02-23
ukwing,NuclearEngineer,2019-02-23
小麦兜05w,NuclearEngineer,2019-02-23
一生的碎碎念,NuclearEngineer,2019-02-23
將吾u17z,NuclearEngineer,2019-02-23
墨白非墨MBFM,NuclearEngineer,2019-02-23
爱萌妹更爱江山,NuclearEngineer,2019-02-23
青青之佩悠悠我思,食品安全刘红兵,2019-04-03
深芬仪器-李素岩,食品安全刘红兵,2019-03-21
爱覠,食品安全刘红兵,2019-02-27
用户6916220361,食品安全刘红兵,2019-02-24
龙人99_6gj,食品安全刘红兵,2019-02-24
步新常态,食品安全刘红兵,2019-02-24
老李笑笑,食品安全刘红兵,2019-02-24
陌上花6196524371,食品安全刘红兵,2019-02-24
Ukiwong_佳,食品安全刘红兵,2019-02-23
浪迹天涯3224293630,食品安全刘红兵,2019-02-23
藜麦大叔,食品安全刘红兵,2019-02-23
想念你的季节里,食品安全刘红兵,2019-02-23
顺峰怂言,食品安全刘红兵,2019-02-23
任大少,食品安全刘红兵,2019-02-23
一介农夫李建军,食品安全刘红兵,2019-02-23
Kyle-Zeng,食品安全刘红兵,2019-02-23
食品安全刘红兵,食品安全刘红兵,2019-02-23
看天地之间处处有爱,食品安全刘红兵,2019-02-23
食品安全刘红兵,食品安全刘红兵,2019-02-23
changshunews,上海能时翻译,2019-02-23
wjh20040107,食品安全刘红兵,2019-02-23
叶拖拖期待好未来,食品安全刘红兵,2019-02-23
浙江zhangxianming,上海能时翻译,2019-02-23
上海能时翻译,营养医师王兴国,2019-02-23
唐生东游,塞上江南中卫,2019-02-23
文静儿smile,食品安全刘红兵,2019-02-23
Reproduction05,食品安全刘红兵,2019-02-23
企鹅奔奔向前冲,营养医师王兴国,2019-02-23
苍月凌3,食品安全刘红兵,2019-02-23
十邑青圃人,食品安全刘红兵,2019-02-23
Weiya2019,食品安全刘红兵,2019-02-23
柯德莉蓝,食品安全刘红兵,2019-02-23
pkx1209,食品安全刘红兵,2019-02-23
你好我叫學姐,食品安全刘红兵,2019-02-23
bearZJUT,食品安全刘红兵,2019-02-23
会打嗝的perrier,食品安全刘红兵,2019-02-23
一步两步三步四步五步---,营养医师王兴国,2019-02-23
姜汁红茶鲜奶三分糖,食品安全刘红兵,2019-02-23
步新常态,食品安全刘红兵,2019-02-23
安苏里河,营养医师王兴国,2019-02-23
很高兴和有头脑,食品安全刘红兵,2019-02-23
fxy才不是玻璃心,营养医师王兴国,2019-02-23
资深女神---经病,营养医师王兴国,2019-02-23
大明少年123,养豚博士李阿訇,2019-02-23
雯雯君_running,营养医师王兴国,2019-02-23
佳佳的未央,食品安全刘红兵,2019-02-23
HSROO,营养医师王兴国,2019-02-23
温润如玉033000,食品安全刘红兵,2019-02-23
步犁渊区,营养医师王兴国,2019-02-23
抗生素佳人02,食品安全刘红兵,2019-02-23
抗生素佳人02,食品安全刘红兵,2019-02-23
谢筠微博,食品安全刘红兵,2019-02-23
穿紧身衣的胖子,食品安全刘红兵,2019-02-23
猩猩切蕃嘎_,营养医师王兴国,2019-02-23
翻滚吧球球2015,食品安全刘红兵,2019-02-23
六方晶体呈蓝色,食品安全刘红兵,2019-02-23
23333咩咩咩,食品安全刘红兵,2019-02-23
一切皆是浮云a,营养医师王兴国,2019-02-23
飞熊0518,食品安全刘红兵,2019-02-23
睡在鱼缸里的猫,营养医师王兴国,2019-02-23
echo坤,食品安全刘红兵,2019-02-23
尚斌CN,营养医师王兴国,2019-02-23
篮球部落2022,营养医师王兴国,2019-02-23
胥逸邈,食品安全刘红兵,2019-02-23
用户6347127600,营养医师王兴国,2019-02-23
等着大在在,食品安全刘红兵,2019-02-23
营养医师王兴国,食品安全刘红兵,2019-02-23
食品安全刘红兵,食品安全刘红兵,2019-02-23
sherry巴布,食品安全刘红兵,2019-02-23
美国牧歌,食品安全刘红兵,2019-02-23
高贵的剑舞秋霜,食品安全刘红兵,2019-02-23
高贵的剑舞秋霜,食品安全刘红兵,2019-02-23
虹YOUNG生活,食品安全刘红兵,2019-02-23
一头叫旺达的驴,食品安全刘红兵,2019-02-23
啊哦咦WhatWhereWhy,食品安全刘红兵,2019-02-23
OVO羽羽,食品安全刘红兵,2019-02-23
獨立不懼_遁世無悶,食品安全刘红兵,2019-02-23
獨立不懼_遁世無悶,食品安全刘红兵,2019-02-23
淬炼心智,食品安全刘红兵,2019-02-23
霹雳火zzz,食品安全刘红兵,2019-02-23
津城黄哥,食品安全刘红兵,2019-02-23
食品安全刘红兵,食品安全刘红兵,2019-02-23
Violet-star-,食品安全刘红兵,2019-02-23
李前军律师,食品安全刘红兵,2019-02-23
Xinxin_Lam25,食品安全刘红兵,2019-02-23
罗国红201808,食品安全刘红兵,2019-02-23
食品安全刘红兵,食品安全刘红兵,2019-02-23
方小火火火,食品安全刘红兵,2019-02-23
沫沫走过的岁月,曲曲折折的桐铃,2019-02-23
Sixwatern488,Rudy_Report,2019-02-24
且试天下88511,Rudy_Report,2019-02-23
Reproduction05,Rudy_Report,2019-02-22
king96720,Rudy_Report,2019-02-22
鼹鼠果子,NuclearEngineer,2019-02-25
Jim洪波,NuclearEngineer,2019-02-24
就叫杨癫疯,NuclearEngineer,2019-02-23
胥逸邈,NuclearEngineer,2019-02-23
卓-迷藏,NuclearEngineer,2019-02-22
桑叶37,NuclearEngineer,2019-02-22
张孙华,NuclearEngineer,2019-02-22
陸腳,NuclearEngineer,2019-02-22
基建狂魔默罕默德,melody_f_f,2019-02-22
哈哈动于衷,NuclearEngineer,2019-02-22
101歲_,NuclearEngineer,2019-02-22
龜龜龜3999,NuclearEngineer,2019-02-22
機娘黨魁龘扶她,NuclearEngineer,2019-02-22
前卫123前卫,NuclearEngineer,2019-02-22
Rosetta20141112,NuclearEngineer,2019-02-22
A-Superman家俊55606,NuclearEngineer,2019-02-22
伤心捧出我自己,NuclearEngineer,2019-02-22
不懂科幻卡美隆,NuclearEngineer,2019-02-22
河南全搜索,NuclearEngineer,2019-02-22
释鬥笔,NuclearEngineer,2019-02-22
公园里的,NuclearEngineer,2019-02-22
空啦啦啦1255,NuclearEngineer,2019-02-22
北国之风07,NuclearEngineer,2019-02-22
来自赫尔辛根莫斯肯的孔文举,NuclearEngineer,2019-02-22
养葱老头,NuclearEngineer,2019-02-22
jestin2016,NuclearEngineer,2019-02-22
RUSTTRUE,NuclearEngineer,2019-02-22
京畿盗图大魔王,NuclearEngineer,2019-02-22
墨白非墨MBFM,NuclearEngineer,2019-02-22
Wolff-Kishner,云子晗,2019-02-22
enbytudfuin,NuclearEngineer,2019-02-22
乐活丹南,NuclearEngineer,2019-02-22
边蹬边笑,NuclearEngineer,2019-02-22
白色海狗,NuclearEngineer,2019-02-22
半桶水BTS,NuclearEngineer,2019-02-22
西红柿鸡蛋饸饹,NuclearEngineer,2019-02-22
沈小小声,NuclearEngineer,2019-02-22
云子晗,NuclearEngineer,2019-02-22
滢滢笑语,NuclearEngineer,2019-02-22
金钟和光,NuclearEngineer,2019-02-22
buniubi2017,NuclearEngineer,2019-02-22
我心肝宝贝开心果不思悔改,NuclearEngineer,2019-02-22
大吃大喝消化快,NuclearEngineer,2019-02-22
大魔黄的微博,NuclearEngineer,2019-02-22
1649121494l,上海钢联我的农产品网,2019-02-21
新浪舆情客户服务中心,微热点,2019-02-21
般若幸运星,双鱼不是鱼吗,2019-02-19
yangfsn11,中国养猪网,2019-02-18
杨浦徐肃,金毓海,2019-02-18
Gossip一箩筐,互联网信徒王冠雄,2019-02-18
7816呵呵,互联网信徒王冠雄,2019-02-18
腾讯净莲,教授老头-TX,2019-02-18
教授老头-TX,濠江客V,2019-02-18
乐乐猪270291,沸点观察,2019-02-18
昌玉100,泸州网警巡查执法,2019-02-18
滨海时报鞠杨威,滨海时报,2019-02-18
滨海时报石培全,滨海时报,2019-02-18
寂寞的小山药,滨海时报,2019-02-18
滨海时报王学军3,滨海时报,2019-02-18
shawn白小璐,滨海时报,2019-02-18
德阳网警巡查执法,泸州网警巡查执法,2019-02-18
本溪特价租房,哈尔滨房天下,2019-02-18
我爱宝宝199205,贵州卫视-新闻延长线,2019-02-17
健康共赢进步,香港中通社,2019-02-17
水滴小D,香港中通社,2019-02-16
关心包容多鼓励,香港中通社,2019-02-16
关心包容多鼓励,香港中通社,2019-02-16
用户1leiku6htl,香港中通社,2019-02-16
噢噢噢塞塞,新京报经济新闻,2019-03-04
噢噢噢塞塞,新京报经济新闻,2019-03-04
噢噢噢塞塞,新京报经济新闻,2019-03-02
噢噢噢塞塞,新京报经济新闻,2019-03-01
噢噢噢塞塞,新京报经济新闻,2019-03-01
Gossip一箩筐,新京报经济新闻,2019-01-24
onesword,新京报经济新闻,2019-01-22
故里情怀,森直叔,2019-01-21
老刑名师爷,西部头条新闻,2019-01-18
老刑名师爷,兰州晨报,2019-01-18
用户68899477332018,平安叙永,2019-01-27
大不点1209,平安叙永,2019-01-21
啊穗-,平安叙永,2019-01-21
你是可爱的人我是可爱呀,平安叙永,2019-01-20
XY松哥,平安叙永,2019-01-20
牟妞阳宝,平安叙永,2019-01-19
小馒头的饲养员,平安叙永,2019-01-19
问问5048127019,平安叙永,2019-01-19
万事皆允i,平安叙永,2019-01-19
婷宝5915435720,平安叙永,2019-01-19
柳柳18383031313,平安叙永,2019-01-19
风吹海角流灭年,平安叙永,2019-01-19
就不吃面条儿,平安叙永,2019-01-18
XY松哥,平安叙永,2019-01-18
泸州同城,泸州网警巡查执法,2019-01-18
向白糖糕学习,天祝高原藜麦,2019-01-18
孩子Suk,孩子Suk,2019-01-18
姜小小年纪,中国质量新闻网,2019-01-16
锐锐锐锐锐etgbf,农视网,2019-01-24
一位农家子弟的2019,农视网,2019-01-15
木子阳丹,湖北经视,2019-01-15
守心飞,经视直播官方微博,2019-01-15
觅觅鸦鸦,经视直播官方微博,2019-01-15
泉州同城,南安热门,2019-01-15
海边的泉,猫咪呢朋W9S,2019-01-20
孩子Suk,孩子Suk,2019-01-18
__小小迷糊,四腳姨姨,2019-01-17
Ania2006,秋山凝云,2019-01-17
In_A_Haze,恰比_一条咸鱼,2019-01-17
aysha_027,我与猫找路灯卫士,2019-01-17
噗叽啊呜呜,四腳姨姨,2019-01-16
图图失踪了,编辑态,2019-01-16
用户6673810347,编辑态,2019-01-16
你们是我世界里的小星星,恰比_一条咸鱼,2019-01-16
恰比_一条咸鱼,编辑态,2019-01-16
ladybug哈,编辑态,2019-01-16
布莉吉塔,编辑态,2019-01-16
编辑态,脊令在原,2019-01-16
脊令在原,孩子Suk,2019-01-16
暗黑的路灯520,推倒土味意识流,2019-01-16
秋山凝云,孩子Suk,2019-01-16
玩鸡,猫咪呢朋W9S,2019-01-16
推倒土味意识流,猫咪呢朋W9S,2019-01-16
橙子酱有美梦,城市迷彩的懒猫,2019-01-16
怎一个怪字了得,孩子Suk,2019-01-16
倒斗史研究,猫咪呢朋W9S,2019-01-16
高机动型银色的狮鹫,城市迷彩的懒猫,2019-01-16
我告诉你吼,猫咪呢朋W9S,2019-01-16
猫咪呢朋W9S,屌面骑士,2019-01-16
他日相逢在别处,永夜废土-,2019-01-16
屌面骑士,城市迷彩的懒猫,2019-01-16
基尼维亚,永夜废土-,2019-01-16
猫魔人,YF-19,2019-01-16
ELIALD,YF-19,2019-01-16
YF-19,照井春佳厨福熙0818MK6,2019-01-16
小_薄荷_,孩子Suk,2019-01-16
MintyShannon,四腳姨姨,2019-01-16
风日酿花,四腳姨姨,2019-01-16
行走的日月,扎心老镢,2019-01-15
换个名字再相认,孩子Suk,2019-01-15
ljj7894,扎心老镢,2019-01-15
反向指标联谊会,扎心老镢,2019-01-15
GMjh个,夜读,2019-01-15
牛津浮云,CCTV焦点访谈,2019-01-15
牛津浮云,CCTV焦点访谈,2019-01-15
社区镇医院大量捏造化验,CCTV焦点访谈,2019-01-14
白银路司法所V,CCTV焦点访谈,2019-01-14
熊轩晨,CCTV焦点访谈,2019-01-14
杨氏一脉,CCTV焦点访谈,2019-01-13
weida5925215520,CCTV焦点访谈,2019-01-13
如果时间不jide,CCTV焦点访谈,2019-01-13
武宪平2018,CCTV焦点访谈,2019-01-13
李英航,CCTV焦点访谈,2019-01-13
张峰功,CCTV焦点访谈,2019-01-13
你笑的很贱,CCTV焦点访谈,2019-01-13
老付打假黑心欧派,CCTV焦点访谈,2019-01-13
小虎summer,還能不能做小夥伴啦,2019-01-11
蝇蝇23,TVB官方微博,2019-02-22
红月移歌,TVB官方微博,2019-01-08
May200,TVB官方微博,2019-01-08
jason_周oO,TVB官方微博,2019-01-08
二丁目edm,TVB官方微博,2019-01-08
李木子有故事,姗姗宝贝聊体育,2019-01-07
南海区妇幼保健院,南海卫生健康,2019-01-02
佛山市南海区第九人民医院,南海卫生健康,2018-12-29
南海区第七人民医院,南海卫生健康,2018-12-28
安岳本地资讯,大话安岳,2018-12-28
菩提心201407,素食公益,2019-01-21
净空法师开示语录,素食公益,2019-01-13
吉祥星球,qharmip思薇,2018-12-27
qharmip思薇,素食公益,2018-12-27
用户6387427228,素食公益,2018-12-27
惠滕利紫,素食公益,2018-12-27
琅琊书香,香港經濟日報,2018-12-26
蝎小王子,香港經濟日報,2018-12-26
龙头失,香港經濟日報,2018-12-26
帽子_26625,香港經濟日報,2018-12-26
香港金譽,馬老師在奮鬥_Alex,2018-12-26
远古挖掘机,沸点观察,2018-12-29
暗六蛹洞,深圳市消费者委员会,2018-12-25
对喜欢的人就爱双标,故人嘆_淺墨,2018-12-26
广元同城,苍溪交警,2018-12-26
广元交警,苍溪交警,2018-12-26
pjpjqf性喜孤单,财经时报,2018-12-24
Ever唯爱丶朱姚栋,财经时报,2018-12-24
漂泊在濑户内,黄胜友,2019-02-06
漂泊在濑户内,黄胜友,2019-02-06
骑驴登月球,黄胜友,2018-12-24
恒伊茅,Blue婕Jie,2018-12-23
用户6897851925,游仙公安,2018-12-24
欣欣儿m,游仙公安,2018-12-22
绵阳同城,游仙公安,2018-12-22
用户6159124668,游仙公安,2018-12-22
丑丑说事527,三台吃喝玩乐,2018-12-20
三台吃喝玩乐,三台交警大队,2018-12-20
掌上三台,三台交警大队,2018-12-20
Duo_MeiMei,二毛大搜索,2018-12-20
uuuii2fh,二毛大搜索,2018-12-20
池中菏叶,东广新闻台,2018-12-19
云耕云牧,雄鹰唳苍穹,2018-12-18
复兴归来,贫僧色字辈法号狐狸,2018-12-24
贫僧色字辈法号狐狸,i-d-hh,2018-12-24
奔向未来日子123,ETtoday新聞雲,2018-12-21
明雁沉同学,-杰杰杰,2018-12-19
Jasonkpax,ETtoday新聞雲,2018-12-18
用户缘来在哪里,ETtoday新聞雲,2018-12-18
绯燃烈冰,ETtoday新聞雲,2018-12-17
Eric还是我,ETtoday新聞雲,2018-12-17
Change胡禿禿,ETtoday新聞雲,2018-12-17
星云----,ETtoday新聞雲,2018-12-17
编号6391,ETtoday新聞雲,2018-12-17
一室呈千灯,ETtoday新聞雲,2018-12-17
陽明山君,喷嚏官微,2018-12-17
喷嚏官微,ETtoday新聞雲,2018-12-17
wbisgood,ETtoday新聞雲,2018-12-17
華朱咖古啡力夫,ETtoday新聞雲,2018-12-17
蔻蒲山人,ETtoday新聞雲,2018-12-17
铁龙卫01,ETtoday新聞雲,2018-12-17
小三底盛夏,ETtoday新聞雲,2018-12-17
基隆阿北,ETtoday新聞雲,2018-12-19
南山瓜瓜小菜,喷嚏网铂程,2018-12-17
禺心S,ETtoday新聞雲,2018-12-17
喷嚏网铂程,ETtoday新聞雲,2018-12-17
真正的蒙山汶水,沸点观察,2018-12-15
足球-凉总,姗姗宝贝聊体育,2018-12-15
一个公-民,姗姗宝贝聊体育,2018-12-15
缘止流觞,小艺原来是分享君,2018-12-15
门前车马任西东,KunLun利剑,2018-12-12
88888MELOGY,金边赤,2018-12-10
善良温岭兔,中国台州网,2018-12-06
已开始心无归处,西安锐观察,2018-12-03
愿您快乐15409,一只萝卜干_,2019-03-06
愿您快乐15409,夏日的翱翔,2019-03-06
愿您快乐15409,食品安全刘红兵,2019-03-06
步新常态,食品安全刘红兵,2019-02-24
徐吴巍,Morganchain,2018-12-07
xxyxxy1961,Morganchain,2018-12-03
大秦印社,Morganchain,2018-12-03
faction25667,Morganchain,2018-11-30
消失regime,Morganchain,2018-11-29
pipe疼痛3001,Morganchain,2018-11-29
orchestra红烧肉8976,Morganchain,2018-11-29
inductioninduction200509,Morganchain,2018-11-29
knight86145,Morganchain,2018-11-29
regularity2042018,Morganchain,2018-11-29
bank花痴8919,Morganchain,2018-11-29
inaugurate08748,Morganchain,2018-11-29
lunar198709,Morganchain,2018-11-29
occurrenceoccurrence1982,Morganchain,2018-11-29
用户6860230453,Morganchain,2018-11-29
肥满treasurer,Morganchain,2018-11-29
shouldshould198812,Morganchain,2018-11-29
陆逊experimentally110,Morganchain,2018-11-29
邓布利多432,Morganchain,2018-11-29
58285汽水enchant,Morganchain,2018-11-29
83383思索tribute,Morganchain,2018-11-29
细心through2037,Morganchain,2018-11-29
虚心8018,Morganchain,2018-11-29
predominant5900,Morganchain,2018-11-29
novel高大00110,Morganchain,2018-11-29
六道仙人incredible,Morganchain,2018-11-29
meditate望月28743,Morganchain,2018-11-29
ear绻恋90548,Morganchain,2018-11-29
compliment1993,Morganchain,2018-11-29
宽敞peculiarity201811,Morganchain,2018-11-29
用户6860717389,Morganchain,2018-11-29
bracebrace6,Morganchain,2018-11-29
单调253,Morganchain,2018-11-29
913求醉storm,Morganchain,2018-11-29
mystery9812018,Morganchain,2018-11-29
3578遐恋ivory,Morganchain,2018-11-29
ingenuityingenuity777,Morganchain,2018-11-29
890被表白generalize,Morganchain,2018-11-29
钥匙170,Morganchain,2018-11-29
carrycarry07,Morganchain,2018-11-29
手链88904,Morganchain,2018-11-29
telex火车6703,Morganchain,2018-11-29
reclaimreclaim201001,Morganchain,2018-11-29
question5036,Morganchain,2018-11-29
proton58171,Morganchain,2018-11-29
H人生就是不断经历H,村民说事了,2018-12-05
车夫开车时睡觉,村民说事了,2018-11-25
时刻关注你cyy,凤凰De流金岁月,2019-02-26
健康共赢进步,香港中通社,2019-02-21
07笑而不语,香港中通社,2019-02-21
Aa惠灵儿,香港中通社,2019-02-21
-那吉王,香港中通社,2019-02-21
小马过河SNS,中国经济周刊,2019-02-15
武都市场监管,筱思思SISI,2019-02-18
微博畜牧,德国印象t,2019-02-05
泰勒丝瓦夫特er,德国印象t,2019-02-01
blue十2018,德国印象t,2019-01-30
格兰特卡修,德国印象t,2019-01-30
Maggie_GR,德国印象t,2019-01-30
ppppbear,德国印象t,2019-01-30
Melody7560,德国印象t,2019-01-30
斯宾塞尔,德国印象t,2019-01-30
陶冠宏很努力,德国印象t,2019-01-30
Cc古德糖糖,德国印象t,2019-01-29
FantasyWorks,德国印象t,2019-01-29
法学研习,德国印象t,2019-01-29
靖石斋主,德国印象t,2019-01-29
U_Zong,德国印象t,2019-01-29
老三de微博,德国印象t,2019-01-29
与世无争定山而居,SJT三家屯,2019-01-13
Mr郑吉吉,信息时报,2019-01-01
123dPdHj,信息时报,2018-12-28
青青小农庄,信息时报,2018-12-27
跟着barbi变美丽,信息时报,2018-12-27
Gossip一箩筐,东篱记事,2018-12-25
步行去纽约Vivi,东篱记事,2018-12-25
今天換ID,凉山广电全媒体,2018-12-25
川渝方言,小缺是我,2018-12-26
青狼6393,川渝方言,2018-12-25
川渝方言,1993的笨蛋,2018-12-24
1993的笨蛋,四川农网,2018-12-24
joyce1966,ETtoday新聞雲,2018-12-21
柳先生空间,修车大爷萌萌哒,2018-12-20
反台独港独独台先锋,神来了21,2018-12-19
張望財鑫,ETtoday新聞雲,2018-12-19
妍妍_Xue89,ETtoday新聞雲,2018-12-19
BobbyChi,ETtoday新聞雲,2018-12-19
随遇而安的南京男人,ETtoday新聞雲,2018-12-19
嘿昂系碰到了鬼噢,ETtoday新聞雲,2018-12-19
C22_Cyan市郊森林的狐狸,ETtoday新聞雲,2018-12-19
兰台休闲,ETtoday新聞雲,2019-01-03
努力向上的后期加单反_生祭,ETtoday新聞雲,2018-12-20
DT的忧伤,ETtoday新聞雲,2018-12-19
语遥Emma,ETtoday新聞雲,2018-12-19
满洲瓜尔佳·瓜瓜,ETtoday新聞雲,2018-12-19
随遇而安的南京男人,ETtoday新聞雲,2018-12-19
wbfff1872,ETtoday新聞雲,2018-12-19
梅韵东,ETtoday新聞雲,2018-12-19
蔻蒲山人,ETtoday新聞雲,2018-12-19
有蛀牙的外星人小明,ETtoday新聞雲,2018-12-19
DavidCho,ETtoday新聞雲,2018-12-19
铁龙卫01,ETtoday新聞雲,2018-12-19
双子甘樂,带泪忧郁金,2019-02-23
带泪忧郁金,带泪忧郁金,2019-02-23
爱管闲事的张大妈,言不由衷5239,2019-03-27
言不由衷5239,言不由衷5239,2019-01-23
三三五五五,言不由衷5239,2019-01-15
swollow882017,言不由衷5239,2019-01-12
莫可呀28,言不由衷5239,2019-01-12
灰常爱笑的林小胖同志,言不由衷5239,2019-01-12
用户6315694621,言不由衷5239,2019-01-12
微博畜牧,崔永元,2019-02-05
四处飘零的嵐,崔永元,2019-02-05
芊道,崔永元,2019-01-21
wind_spring,食品安全刘红兵,2019-01-18
一生蓝魅,吕林Stefan,2019-01-16
一生蓝魅,白云遏tongmt,2019-01-16
一生蓝魅,吕林Stefan,2019-01-16
眼睛里面一粒沙,崔永元,2019-01-15
跑马騮騮,崔永元,2019-01-13
小脚丫一晃,崔永元,2019-01-12
用户539687,崔永元,2019-01-11
遂道时空,崔永元,2019-01-11
银河系的Gregg,崔永元,2019-01-11
阿简秘密时光,崔永元,2019-01-11
妙手回春x2o0yta9hs,崔永元,2019-01-11
用户6600632824,崔永元,2019-01-11
铲屎童姥,崔永元,2019-01-11
三春沐浴蛇,崔永元,2019-01-10
开心蓝箭-曲靖,崔永元,2019-01-10
沙场古人,崔永元,2019-01-10
我是咸鱼刘,崔永元,2019-01-10
我是咸鱼刘,崔永元,2019-01-10
pemadorji,崔永元,2019-01-09
莫莫_MOEr,崔永元,2019-01-09
谢思琪呗-,崔永元,2019-01-09
东疆西葫芦,崔永元,2019-01-08
郑能量一枚无限大,崔永元,2019-01-08
文峰之上,崔永元,2019-01-08
xixing6813,崔永元,2019-01-08
李嗨皮里,崔永元,2019-01-08
晋南风,崔永元,2019-01-08
用户6503932809,崔永元,2019-01-07
阳光下的懒猫520,崔永元,2019-01-07
东疆西葫芦,崔永元,2019-01-07
那年那天只是过去,崔永元,2019-01-07
用户6914241241,崔永元,2019-01-07
用户5229955891,崔永元,2019-01-07
大海盗船,崔永元,2019-01-07
心的归回6547978572,崔永元,2019-01-07
xyt777,崔永元,2019-01-07
夏shania,崔永元,2019-01-07
松树大队_BH4CBV,崔永元,2019-01-07
饭公交,崔永元,2019-01-07
徐七毛11,崔永元,2019-01-07
杨尔扎克,食品安全刘红兵,2019-01-07
竭诚相待Fu,食品安全刘红兵,2019-01-07
在雨中行走-湘潭,崔永元,2019-01-07
各种姿势高级黑II,崔永元,2019-01-07
易辩-颜新旺律师,易辩陈仁彪律师,2019-01-07
用户5595730768,崔永元,2019-01-06
天马行空0329,崔永元,2019-01-06
天马行空0329,崔永元,2019-01-06
奇異恩典Amazing,崔永元,2019-01-06
栗子9910,崔永元,2019-01-06
沧海一粟之无为,崔永元,2019-01-06
东池先生,中华龙会,2019-01-06
冯刚室内设计工作室,食品安全刘红兵,2019-01-06
笑对繁华尘世间1573,崔永元,2019-01-06
孟向伟喔,崔永元,2019-01-06
玉墨2003,崔永元,2019-01-06
中华龙会,崔永元,2019-01-06
1是橘子味儿的我呀1,崔永元,2019-01-06
我是来来锅,崔永元,2019-01-06
清月24,崔永元,2019-01-06
每当变幻时shirley,食品安全刘红兵,2019-01-06
dvcbgsx,崔永元,2019-01-06
向日葵团队小雪,崔永元,2019-01-06
千菊万花妹,崔永元,2019-01-06
uuelzvifr,崔永元,2019-01-06
用户6862450621,崔永元,2019-01-06
四海收藏,食品安全刘红兵,2019-01-06
天空里的一片云29,崔永元,2019-01-06
追日9009,崔永元,2019-01-06
彳亍0813,崔永元,2019-01-06
在坨里发呆,食品安全刘红兵,2019-01-06
艳阳下的秋叶,崔永元,2019-01-06
没有你昵称的昵称,崔永元,2019-01-06
热丽迪,崔永元,2019-01-06
獨家村家明,食品安全刘红兵,2019-01-06
神马奇迹,崔永元,2019-01-06
ashash186,食品安全刘红兵,2019-01-06
浅饮深醉2013,食品安全刘红兵,2019-01-06
leney,崔永元,2019-01-06
青-魂,崔永元,2019-01-06
青-魂,食品安全刘红兵,2019-01-06
COOKoooD,崔永元,2019-01-06
dddkk2011,崔永元,2019-01-06
不苟且如何延残喘于世间,崔永元,2019-01-06
再看一眼阳光,崔永元,2019-01-06
哈哈好热69838,崔永元,2019-01-06
新奥拓2014,崔永元,2019-01-06
来来往往macau,食品安全刘红兵,2019-01-06
王河豚,崔永元,2019-01-06
人在风中-2015,崔永元,2019-01-06
smsmsm001,崔永元,2019-01-06
得了你勒,崔永元,2019-01-06
贵阳台湾大厦,崔永元,2019-01-06
娟娟娟娟90668,崔永元,2019-01-06
莱米乐乐,崔永元,2019-01-06
董鲜僧,崔永元,2019-01-06
天天高抛低吸剪羊毛,食品安全刘红兵,2019-01-05
无灵魂的石头,食品安全刘红兵,2019-01-05
无灵魂的石头,崔永元,2019-01-05
用户6249137478,崔永元,2019-01-05
梦想46014,崔永元,2019-01-05
520嘟嘟可爱宝,崔永元,2019-01-05
相信自已2893627271,崔永元,2019-01-05
寒秋实,崔永元,2019-01-05
不着于象,崔永元,2019-01-05
伏见·,崔永元,2019-01-05
我方自赏,崔永元,2019-01-05
隔壁老王43201606,崔永元,2019-01-05
河东熏,崔永元,2019-01-05
弓长8238,食品安全刘红兵,2019-01-05
今日发微,崔永元,2019-01-05
明月平常心,崔永元,2019-01-05
涛声依旧-199209,崔永元,2019-01-05
Pollock·Yang,食品安全刘红兵,2019-01-05
豆腐---嘴,崔永元,2019-01-05
豆腐---嘴,崔永元,2019-01-05
何谓真6227436658,崔永元,2019-01-05
86岁老兵举报腐败进监狱,长春蓝视,2019-01-05
洪悦199405,崔永元,2019-01-05
台州富林,崔永元,2019-01-05
战士zs1999,崔永元,2019-01-05
xcschina,崔永元,2019-01-05
快回家吧小姑娘,崔永元,2019-01-05
獨立不懼_遁世無悶,崔永元,2019-01-05
卧龙小刘2016,崔永元,2019-01-05
手机用户3220779321,崔永元,2019-01-05
公民陈志,崔永元,2019-01-05
落寞的微笑_,崔永元,2019-01-05
你好吗亲人,崔永元,2019-01-05
百事曝光台,王海,2019-01-05
乌云拨开,崔永元,2019-01-05
忘忧草Tgrass,食品安全刘红兵,2019-01-05
哈泥L,食品安全刘红兵,2019-01-05
请你懂宠,崔永元,2019-01-05
周游的国,食品安全刘红兵,2019-01-05
风华逍遥,王海,2019-01-05
云想资本,崔永元,2019-01-05
无咎斋主,崔永元,2019-01-05
普通用户777777777,崔永元,2019-01-05
校长的话,崔永元,2019-01-05
MIMI5180,崔永元,2019-01-05
用户6895486560,崔永元,2019-01-05
菩提树下_阳韵芳,崔永元,2019-01-05
五月的雨林_,崔永元,2019-01-05
用户6576506221,崔永元,2019-01-05
蚎蚏,倔强不屈的克星,2019-01-05
流连路途的风景,崔永元,2019-01-05
爱家之约2215695833,崔永元,2019-01-05
磊俊轩,食品安全刘红兵,2019-01-05
轻叹世事2014,巴巴操盘,2019-01-05
追随我心1802,崔永元,2019-01-05
shuilian1973,崔永元,2019-01-05
情人邂逅1974,食品安全刘红兵,2019-01-05
YNNYYY,崔永元,2019-01-05
栀子花开3223,崔永元,2019-01-05
大傻小傻大笨小笨,崔永元,2019-01-05
校园里大叔,淮河之声,2019-01-05
倔强不屈的克星,崔永元,2019-01-05
ss_vision,崔永元,2019-01-05
闽C泥水将,崔永元,2019-01-05
tamoto-fried-eggs,崔永元,2019-01-05
用户知半解,一路上有你活在当下,2019-01-05
快哉堂主人,崔永元,2019-01-05
Jun在水一方20180918,崔永元,2019-01-05
用户6586418691,崔永元,2019-01-05
栗子9910,崔永元,2019-01-05
谈股论经之股海遨游,崔永元,2019-01-05
KO湿兄,食品安全刘红兵,2019-01-05
AWC_Belinda,崔永元,2019-01-05
饭公交,崔永元,2019-01-05
树上鱼小号,崔永元,2019-01-05
彭道远1,崔永元,2019-01-05
岩石边的小草,崔永元,2019-01-05
文化亚平宁-lifetime-anti-MANU,崔永元,2019-01-05
用户2270052964,食品安全刘红兵,2019-01-05
李思源HRB,崔永元,2019-01-05
昵称已经被占用不能改,崔永元,2019-01-05
爱果果,崔永元,2019-01-05
梦想46014,食品安全刘红兵,2019-01-05
不抛弃亦然不放弃,崔永元,2019-01-05
2008CIFmY,崔永元,2019-01-05
静熙201009,崔永元,2019-01-05
用户6136522688,崔永元,2019-01-05
书生意气R,崔永元,2019-01-05
梦里月光花,崔永元,2019-01-05
honey龙年大吉,食品安全刘红兵,2019-01-05
pearyali,崔永元,2019-01-05
用户6185136492树上鱼,崔永元,2019-01-05
朔风凛凛l,崔永元,2019-01-05
希哥1012,崔永元,2019-01-05
Bruce如是说咯,崔永元,2019-01-05
曹旭光Aiken,食品安全刘红兵,2019-01-05
没说谎的孩子,崔永元,2019-01-05
高中暗恋期丶阿文,崔永元,2019-01-05
白一丁,崔永元,2019-01-05
玉米丫丫0626,食品安全刘红兵,2019-01-05
时间去哪la,崔永元,2019-01-05
手机用户3607460752,崔永元,2019-01-05
李大胆爱生活,崔永元,2019-01-05
人在风中-2015,崔永元,2019-01-05
wzl0451,崔永元,2019-01-05
无人像你的我,崔永元,2019-01-05
一纸文书2015,崔永元,2019-01-05
哪是前那不是前,崔永元,2019-01-05
用户6756458718,崔永元,2019-01-05
何廷芳5,崔永元,2019-01-05
玉蕤Emma,崔永元,2019-01-05
期待_共识,啊午45,2019-01-05
期待_共识,崔永元,2019-01-05
啦啦啦噢啦噢啦噢,崔永元,2019-01-05
困斗什兽13403,崔永元,2019-01-05
石家庄郑惠军,崔永元,2019-01-05
志Young,崔永元,2019-01-05
用户6752566420,崔永元,2019-01-05
第二个聂树斌,崔永元,2019-01-05
用户647846478448686,崔永元,2019-01-05
黄河清865,崔永元,2019-01-05
男士下午茶,崔永元,2019-01-05
BruceOne_BC,崔永元,2019-01-05
风推一叶舟,爱尚主义,2019-01-05
爱我所爱无怨无悔530,崔永元,2019-01-05
心静的看海,崔永元,2019-01-05
rcj530,食品安全刘红兵,2019-01-05
格物致知-,崔永元,2019-01-05
Cheng8286,崔永元,2019-01-05
净码,崔永元,2019-01-05
挽清念离别,崔永元,2019-01-05
映天荷,崔永元,2019-01-05
草根赵小武,崔永元,2019-01-05
黑暗与光明之间,崔永元,2019-01-05
andy_来啦,崔永元,2019-01-05
心有一江水,崔永元,2019-01-05
米拉啦咪,崔永元,2019-01-05
小境门子,崔永元,2019-01-05
用户6463372273,崔永元,2019-01-05
星空寂寞,食品安全刘红兵,2019-01-05
街角的祝福5187,崔永元,2019-01-05
淡定鸭,校长梁山,2019-01-05
李易玄的三爷爷,食品安全刘红兵,2019-01-05
你和我十指紧扣最棒,崔永元,2019-01-05
张欧亚,崔永元,2019-01-05
探索寻觅微博,崔永元,2019-01-05
晶莹的雨滴a,崔永元,2019-01-05
用户5389348770,崔永元,2019-01-05
都说了木有鱼丸,崔永元,2019-01-05
xtrtggg,崔永元,2019-01-05
马行沺,崔永元,2019-01-05
乔netj,王海,2019-01-05
千寻火,崔永元,2019-01-05
LL祝貞兒Baby,崔永元,2019-01-05
渣浪最公平,崔永元,2019-01-05
LIYUECHEN-,崔永元,2019-01-05
听听窗外,食品安全刘红兵,2019-01-05
全然不同DJ,崔永元,2019-01-05
刘庆宣2019,崔永元,2019-01-05
梦想蓝天lql,崔永元,2019-01-05
学牛献终身,崔永元,2019-01-05
丶黑猫丶警长,崔永元,2019-01-05
JDS波覺,崔永元,2019-01-05
向往驴友,书红斋张员外,2019-01-05
正宗天下之大,巴巴操盘,2019-01-05
智慧的火,崔永元,2019-01-05
静心守志Y,巴巴操盘,2019-01-05
maiganer0928,崔永元,2019-01-05
巴巴操盘,校长梁山,2019-01-05
清水竹酒-,崔永元,2019-01-05
0红尘醉0,崔永元,2019-01-05
书红斋张员外,崔永元,2019-01-05
小少爷weier,崔永元,2019-01-05
烟波浩渺y,崔永元,2019-01-05
元唐子初,崔永元,2019-01-05
心一直流浪在川藏,jrry86,2019-01-05
用户6593778127,崔永元,2019-01-05
妙手回春x2o0yta9hs,崔永元,2019-01-05
身体就是理想,崔永元,2019-01-05
易辩陈仁彪律师,食品安全刘红兵,2019-01-05
风清扬8001,jrry86,2019-01-04
Bleepingtree,崔永元,2019-01-04
丰台老鬼,校长梁山,2019-01-04
破晴1985,崔永元,2019-01-04
STlee730,崔永元,2019-01-04
磊好三石,崔永元,2019-01-04
沈阳sz1961sy,jrry86,2019-01-04
校长梁山,王海,2019-01-04
jrry86,崔永元,2019-01-04
阿的一丁,崔永元,2019-01-04
大鹏-GRP,崔永元,2019-01-04
改个好名字哈,崔永元,2019-01-04
用户6621443736,崔永元,2019-01-04
mgl装逼少男,崔永元,2019-01-04
新加坡宝宝9021,崔永元,2019-01-04
文艺相关id,王海,2019-01-04
ELEMENT·薇,崔永元,2019-01-04
芳草20103,食品安全刘红兵,2019-01-04
贵州陈胜金,王海,2019-01-04
懋懋懋J,崔永元,2019-01-04
Andalush,崔永元,2019-01-04
司马V贺兰敏之,崔永元,2019-01-04
王海,崔永元,2019-01-04
wxb13100060251,崔永元,2019-01-04
开着哈弗去上班,崔永元,2019-01-04
宝宝Richard,崔永元,2019-01-04
不锐不怒,崔永元,2019-01-04
故纸旧书,崔永元,2019-01-04
用户6352286824,崔永元,2019-01-04
舒克and贝塔啦啦啦,崔永元,2019-01-04
住校园子nice,崔永元,2019-01-04
黄培齐,崔永元,2019-01-04
用户6493513960,崔永元,2019-01-04
星河恋创意酒店,崔永元,2019-01-04
隐世舞客,崔永元,2019-01-04
卧龙小刘2016,崔永元,2019-01-04
独对夕阳,崔永元,2019-01-04
伏虎本人,崔永元,2019-01-04
蔷薇野歌,崔永元,2019-01-04
含烟悠幽,崔永元,2019-01-04
用户5412009704,崔永元,2019-01-04
langrui,崔永元,2019-01-04
狙击手夏天壁虎,崔永元,2019-01-04
长征途中6524102957,崔永元,2019-01-04
李联律师,长春蓝视,2019-01-04
大祺666,崔永元,2019-01-04
胡杨199211,崔永元,2019-01-04
卧花醉梦,崔永元,2019-01-04
江湖一阶,崔永元,2019-01-04
大振日志,崔永元,2019-01-04
风推一叶舟,崔永元,2019-01-04
安吉天心,崔永元,2019-01-04
豫乐直播,崔永元,2019-01-04
我亲爱的图图吖,崔永元,2019-01-04
钓鱼岛765,崔永元,2019-01-04
倚栏看余晖,崔永元,2019-01-04
蚎蚏,崔永元,2019-01-04
彤雨菲xixi,食品安全刘红兵,2019-01-04
向着太阳670,崔永元,2019-01-04
Tomcat0127,崔永元,2019-01-04
牧且猎,崔永元,2019-01-04
华年乐喜,崔永元,2019-01-04
生哥197608GX,长春蓝视,2019-01-04
孙振凯运营管理,崔永元,2019-01-04
阿朗1976,崔永元,2019-01-04
宁静之海2007,崔永元,2019-01-04
青岛一李万飞,崔永元,2019-01-04
家有扁扁,食品安全刘红兵,2019-01-04
阿杰地盘007,崔永元,2019-01-04
張髙強,崔永元,2019-01-04
蓮蓮咖啡,崔永元,2019-01-04
崔正义666,崔永元,2019-01-04
茹雪57875,崔永元,2019-01-04
飞翔兄弟的老母亲,只许青眼,2019-01-04
只许青眼,崔永元,2019-01-04
为己天下行走,崔永元,2019-01-04
ID虎子,崔永元,2019-01-04
泉水叮咚响的冬天,崔永元,2019-01-04
股海浮云999,崔永元,2019-01-04
非弗0719,崔永元,2019-01-04
洲升池,崔永元,2019-01-04
啊哈WAN,崔永元,2019-01-04
阳阳阿羊,崔永元,2019-01-04
平凡人6761746512,崔永元,2019-01-04
小冷读书汇,崔永元,2019-01-04
陌路丑牛,崔永元,2019-01-04
江阴李晓明,崔永元,2019-01-04
晓以百川,崔永元,2019-01-04
fh狗尾巴,崔永元,2019-01-04
曹小龙2403584851,崔永元,2019-01-04
爱紫薇的容嬷嬷,崔永元,2019-01-04
ccminmin,食品安全刘红兵,2019-01-04
活跃的洋溪万花筒,崔永元,2019-01-04
微笑吧孩子006,崔永元,2019-01-04
友高律师,崔永元,2019-01-04
北平無廉署,崔永元,2019-01-04
凭栏客rui,崔永元,2019-01-04
名叫首男,崔永元,2019-01-04
天天大连播,崔永元,2019-01-04
不可不戒05191,崔永元,2019-01-04
用户5943728454,崔永元,2019-01-04
网人君剑,崔永元,2019-01-04
晴依漫漫,崔永元,2019-01-04
GongMin立辉4,崔永元,2019-01-04
清源0116,食品安全刘红兵,2019-01-04
看着天空数月亮,崔永元,2019-01-04
长春蓝视,深山樵夫W,2019-01-04
高山流水-007,崔永元,2019-01-04
善宝86,崔永元,2019-01-04
斯文易昂高仿,高危用户DrWang,2019-01-04
哆啦不懂A梦万花筒,崔永元,2019-01-04
Christian-A,崔永元,2019-01-04
啸一刀,崔永元,2019-01-04
罗伯特K,崔永元,2019-01-04
烟雨红尘LOIS,崔永元,2019-01-04
悖兮,淮河之声,2019-01-04
美食新探007,崔永元,2019-01-04
阿利不会飞,食品安全刘红兵,2019-01-04
Soulpharmacy,食品安全刘红兵,2019-01-04
warmroses,崔永元,2019-01-04
幸福的羊hz,崔永元,2019-01-04
2019食百亿计划,食品安全刘红兵,2019-01-04
a欧a欧,崔永元,2019-01-04
笑看世间人和事,崔永元,2019-01-04
用户6598615918,崔永元,2019-01-04
九好就好999200201,崔永元,2019-01-04
九好就好999200201,崔永元,2019-01-04
主演诗词爱小说,崔永元,2019-01-04
oakman,崔永元,2019-01-04
高危用户DrWang,崔永元,2019-01-04
我的黑色礼服灬,崔永元,2019-01-04
朝阳老葛,淮河之声,2019-01-04
aaaa激活卡激活,崔永元,2019-01-04
阳光灿烂3333_abn,崔永元,2019-01-04
随遇而安猫小姐,崔永元,2019-01-04
停不了电,崔永元,2019-01-04
手握-金箍棒,崔永元,2019-01-04
东来平基1999,崔永元,2019-01-04
咋活呢,透过梨花的笑脸,2019-01-04
dy7110,崔永元,2019-01-04
12345-墨殇,崔永元,2019-01-04
阿伙睫,崔永元,2019-01-04
ouyangyifei就是张旭,崔永元,2019-01-04
生命重燃,崔永元,2019-01-04
洒家在此丶,崔永元,2019-01-04
暖风熏得佳人醉,崔永元,2019-01-04
24号楼下的白杨,食品安全刘红兵,2019-01-04
独孤贤999,食品安全刘红兵,2019-01-04
用户6352286824,崔永元,2019-01-04
想念你的季节里,崔永元,2019-01-04
吴逸龙3236547680,淮河之声,2019-01-04
不时不食宜食宜时,崔永元,2019-01-04
木子源SO,食品安全刘红兵,2019-01-04
味全wq,食品安全刘红兵,2019-01-04
象Y罔,淮河之声,2019-01-04
倔强不屈的克星,崔永元,2019-01-04
守护正义ya,食品安全刘红兵,2019-01-04
卧花醉梦,食品安全刘红兵,2019-01-04
卧花醉梦,崔永元,2019-01-04
卧花醉梦,崔永元,2019-01-04
男人海洋_7999,崔永元,2019-01-04
灰狼紅狼的美好生活,石头霁月,2019-01-04
伽蓝寺一翁,崔永元,2019-01-04
中特社主义伟大接班人,食品安全刘红兵,2019-01-04
中特社主义伟大接班人,崔永元,2019-01-04
立刻验证,崔永元,2019-01-04
南方椰风,新危博,2019-01-04
LYT-kkw,崔永元,2019-01-04
核壳结构计划,杨楠Neco,2019-01-04
宜民宜生,崔永元,2019-01-04
习惯说真话,崔永元,2019-01-04
幸福不会重复,食品安全刘红兵,2019-01-04
真爱无价2020,崔永元,2019-01-04
国态炎凉,崔永元,2019-01-04
天行健666,崔永元,2019-01-04
人尔丫活该,崔永元,2019-01-04
孤独的小白鲸2007,崔永元,2019-01-04
侯勇--竹溪山房,崔永元,2019-01-04
璐璐熙可以的,崔永元,2019-01-04
HLJ契丹毅我是翠芬我光荣,崔永元,2019-01-04
蛇蝎温唇,全然不同DJW,2019-01-04
淮河之声,崔永元,2019-01-04
柷敔111,北斗f,2019-01-04
憨厚的胭脂宝贝儿,崔永元,2019-01-04
深水区V,崔永元,2019-01-04
清之幽兰7278,崔永元,2019-01-04
小珊迪露,崔永元,2019-01-04
己丑重阳巳时半,崔永元,2019-01-04
sjfxlbhqlll130,食品安全刘红兵,2019-01-04
蓝色棉花糖20609,崔永元,2019-01-04
第二个聂树斌,崔永元,2019-01-04
门墩客,崔永元,2019-01-04
大雨小雨9810,石头霁月,2019-01-04
韩城0o,崔永元,2019-01-04
海陵郎,崔永元,2019-01-04
用户6608232502,崔永元,2019-01-04
离陌_29628,崔永元,2019-01-04
离陌_29628,崔永元,2019-01-04
火了23,崔永元,2019-01-04
ydpccxx39159,崔永元,2019-01-04
沉风而去,食品安全刘红兵,2019-01-04
新危博,梅中760406,2019-01-04
高勒高_24443,崔永元,2019-01-04
云南---阿权,崔永元,2019-01-04
用户6575410593,崔永元,2019-01-04
高勒高_24443,崔永元,2019-01-04
新危博,梅中760406,2019-01-04
梅中760406,新危博,2019-01-04
夜宿孤舟望龙头,崔永元,2019-01-04
秦始皇的秦啊,崔永元,2019-01-04
新危博,梅中760406,2019-01-04
Luyongguang,崔永元,2019-01-04
高中暗恋期丶阿文,崔永元,2019-01-04
梅中760406,新危博,2019-01-04
JTT悟心,崔永元,2019-01-04
o宇天清晨o,崔永元,2019-01-04
仙贝界的弄潮儿,崔永元,2019-01-04
用户6340703492,崔永元,2019-01-04
话语月2,崔永元,2019-01-04
startduty,崔永元,2019-01-04
冠者咏归,崔永元,2019-01-04
林渊渊渊渊渊,崔永元,2019-01-04
v新用户,崔永元,2019-01-04
aofen,崔永元,2019-01-04
用户6797154662,崔永元,2019-01-04
刘勇45307,崔永元,2019-01-04
代号hpf,崔永元,2019-01-04
国际单帮900,崔永元,2019-01-04
峰夆小窝,崔永元,2019-01-04
第二个号了2010,崔永元,2019-01-04
轩轩雨寒,崔永元,2019-01-04
秉笔大监,崔永元,2019-01-04
红百合的鲜香,食品安全刘红兵,2019-01-04
追夕先生,崔永元,2019-01-04
我玄_,崔永元,2019-01-04
出租车司机小白,崔永元,2019-01-04
达卜楼one,崔永元,2019-01-04
笑看国人hgy,食品安全刘红兵,2019-01-04
贾浩微博,崔永元,2019-01-04
跳过_200011,欣鑫姐蓝颜,2019-01-04
HE大大的琴,崔永元,2019-01-04
小磊在广州,崔永元,2019-01-04
神仙而嘻嘻,崔永元,2019-01-04
Lixh小童鞋,崔永元,2019-01-04
梦想家安娜777,崔永元,2019-01-04
青松586,食品安全刘红兵,2019-01-04
冷眼观世相0,食品安全刘红兵,2019-01-04
假装很幸福-01,崔永元,2019-01-04
跳过_200011,杨楠Neco,2019-01-04
枭存朋,安娜__小乖,2019-01-04
真的是这样吗fact,崔永元,2019-01-04
烟0001997,崔永元,2019-01-04
用户5907122728,崔永元,2019-01-04
用户6420607314,崔永元,2019-01-04
枭存朋,我也想当铲屎官666,2019-01-04
安娜__小乖,崔永元,2019-01-04
津城黄哥,正义爆料君,2019-01-04
青青芦苇洲,崔永元,2019-01-04
用户6901360369,崔永元,2019-01-04
马蚁马蚁,崔永元,2019-01-04
老乐山人,崔永元,2019-01-04
Kudousinichi,崔永元,2019-01-04
HUMMER704,崔永元,2019-01-04
小小爵七,崔永元,2019-01-04
朝阳16888,崔永元,2019-01-04
明松ha,崔永元,2019-01-04
快乐的觉禅,崔永元,2019-01-04
点点面点点赞,崔永元,2019-01-04
助人为乐的yang_14727,崔永元,2019-01-04
幸福小天秤198705,崔永元,2019-01-04
明鑫绿松石,崔永元,2019-01-04
正义爆料君,突击手,2019-01-04
TU160-USSR,崔永元,2019-01-04
Cao-Shuang,崔永元,2019-01-04
若水不净726,崔永元,2019-01-04
lawaidly,崔永元,2019-01-04
jimmy_幾米,食品安全刘红兵,2019-01-04
用户6fplwgrjq7,崔永元,2019-01-04
他大舅的二舅的三舅,向心中的英雄致敬,2019-01-04
正义站队,崔永元,2019-01-04
冷与热5555,崔永元,2019-01-04
江南落升,崔永元,2019-01-04
曾宪慰律师,崔永元,2019-01-04
Edmund81,崔永元,2019-01-04
我也想当铲屎官666,崔永元,2019-01-04
闻到90327,食品安全刘红兵,2019-01-04
正义加油加油,崔永元,2019-01-04
佐小罗ZL,崔永元,2019-01-04
llylly9966,崔永元,2019-01-04
静熙201009,崔永元,2019-01-04
冰城h,崔永元,2019-01-04
卧龙小刘2016,崔永元,2019-01-04
要有人性良知2,崔永元,2019-01-04
北斗f,食品安全刘红兵,2019-01-04
才让多吉90,崔永元,2019-01-04
铲屎护卫,崔永元,2019-01-04
大愚9,崔永元,2019-01-04
志娟恰如少年,崔永元,2019-01-04
十年磨子剑,崔永元,2019-01-04
简畧,食品安全刘红兵,2019-01-04
出鞘之刃,食品安全刘红兵,2019-01-04
江安东,崔永元,2019-01-04
Jm尋夢,崔永元,2019-01-04
热火AAA,崔永元没有扎实的数据,2019-01-04
任性又固执的咸鱼,崔永元,2019-01-04
碧心素月,食品安全刘红兵,2019-01-04
王岩---37地产,崔永元,2019-01-04
我叫猫二只,崔永元,2019-01-04
荷塘芬芳99,食品安全刘红兵,2019-01-04
诸行无常99,崔永元,2019-01-04
狂猛之鲨,崔永元,2019-01-04
-个人的武林,崔永元,2019-01-04
孙志红1005,崔永元,2019-01-04
半透明886,崔永元,2019-01-04
金戈铁马81559,崔永元,2019-01-04
乌烟瘴气52,崔永元,2019-01-04
全面奔小康2020,崔永元,2019-01-04
醉_生活,食品安全刘红兵,2019-01-04
用户知半解,一路上有你活在当下,2019-01-04
天津成天乐,崔永元,2019-01-04
天空海阔zvz,崔永元,2019-01-04
海理冰,崔永元,2019-01-04
乔峰201525,食品安全刘红兵,2019-01-04
聪明的猪1978,崔永元,2019-01-04
窝在家里疼老婆,崔永元,2019-01-04
农民工8802616,崔永元,2019-01-04
邯郸易达会计师事务所,崔永元,2019-01-04
61的快乐,崔永元,2019-01-04
伊家果园,崔永元,2019-01-04
江山易改之8253,崔永元,2019-01-04
不二的开满花的树,崔永元,2019-01-04
历史业余课代表,崔永元,2019-01-04
向心中的英雄致敬,崔永元,2019-01-04
天涯雄仔,崔永元,2019-01-04
丁凯德,崔永元,2019-01-04
用户5827205829,崔永元,2019-01-04
蓝容若,崔永元,2019-01-04
又瞌睡咯,崔永元,2019-01-04
MM幸福的鱼儿,崔永元,2019-01-04
Cestsibon456,崔永元,2019-01-04
開琐,食品安全刘红兵,2019-01-04
2003tkm,崔永元,2019-01-04
投机客czq,崔永元,2019-01-04
A我又没说是你,崔永元,2019-01-04
好莱坞的屋Tym,崔永元,2019-01-04
柠檬威海,崔永元,2019-01-04
块石沉浮,食品安全刘红兵,2019-01-04
精卫净天,崔永元,2019-01-04
LCC今晚有雨,崔永元,2019-01-04
霁月许许,崔永元,2019-01-04
郑能量一枚无限大,崔永元,2019-01-04
duweichong,崔永元,2019-01-04
霁月许许,崔永元,2019-01-04
牛骅翀,崔永元,2019-01-04
勤可勤劳,崔永元,2019-01-04
天逸阁的微博,崔永元,2019-01-04
高通社,食品安全刘红兵,2019-01-04
乖乖小屁孩的蜗牛,食品安全刘红兵,2019-01-04
出洞蛟--龙龙,崔永元,2019-01-04
趙0911,崔永元,2019-01-04
dyf1999,崔永元,2019-01-04
襄阳动保小狸1970,崔永元,2019-01-04
菩提树下_阳韵芳,崔永元,2019-01-04
为己永恒矣,崔永元,2019-01-04
bjlao5,崔永元,2019-01-04
娜娜猫咪,崔永元,2019-01-04
葉叶业也,崔永元,2019-01-04
清风徐徐_xfs,崔永元,2019-01-04
卧花醉梦,amazing46492,2019-01-04
似Z水C年J华,崔永元,2019-01-04
碧海星螺,碧海星螺,2019-01-04
雷神幸運的狼,崔永元,2019-01-04
虎仔67696,崔永元,2019-01-04
江湖傳說醬香俱樂部,开着奔驰去放羊3,2019-01-04
憨豆旺财,崔永元,2019-01-04
寂寞人49511,食品安全刘红兵,2019-01-04
彳亍者武松,崔永元,2019-01-04
我不入常,崔永元,2019-01-04
无名红尘,崔永元,2019-01-04
用户6580819418,崔永元,2019-01-04
大老陈的故事,崔永元,2019-01-04
左右一半123,崔永元,2019-01-04
瘦骆驼dip,崔永元,2019-01-04
我已戒不掉烟了,食品安全刘红兵,2019-01-04
随你老X中意,崔永元,2019-01-04
用户6271249129,崔永元,2019-01-04
碧海星螺,食品安全刘红兵,2019-01-04
w_sop,崔永元,2019-01-04
梦_戏如人生,崔永元,2019-01-04
最爱小虎纠,崔永元,2019-01-04
吉祥小窝2012,崔永元,2019-01-04
本不拉,崔永元,2019-01-04
用户6165763109,崔永元,2019-01-04
2018文子,崔永元,2019-01-04
无咎斋主,崔永元,2019-01-04
阿黛拉201712,崔永元,2019-01-04
南山洪歌,崔永元,2019-01-04
无尽头_,崔永元,2019-01-04
会做饭的小乔,崔永元,2019-01-04
安桔子,崔永元,2019-01-04
耕耘5813,崔永元,2019-01-04
绳二,崔永元,2019-01-04
东海里,崔永元,2019-01-04
遗失的桃花源,崔永元,2019-01-04
没病不穷不郁闷,崔永元,2019-01-04
洪武NGO,崔永元,2019-01-04
职业看热闹爱旅行2010,崔永元,2019-01-04
棋福和悦-,崔永元,2019-01-04
特蕾莎说,崔永元,2019-01-04
haiwei8866,崔永元,2019-01-04
合文生,崔永元,2019-01-04
老宋32581,崔永元,2019-01-04
老山林里的兔子,食品安全刘红兵,2019-01-04
Baker1890,崔永元,2019-01-04
忉利人,崔永元,2019-01-04
爽肤水2016,崔永元,2019-01-04
石子儿567,崔永元,2019-01-04
我47935,崔永元,2019-01-04
amazing46492,崔永元,2019-01-04
新型的农村人,崔永元,2019-01-04
谭国yan,崔永元,2019-01-04
Joyo_1991,崔永元,2019-01-04
蚎蚏,崔永元,2019-01-04
s安十四,崔永元,2019-01-04
榴学生,崔永元,2019-01-04
大力水手688,崔永元,2019-01-04
潜水舰长_250,崔永元,2019-01-04
京房工,崔永元,2019-01-04
无双姐的吃货妹6699,崔永元,2019-01-04
chen13263287626,崔永元,2019-01-04
用户9807542668秋雨烟尘,崔永元,2019-01-04
不谈了1995,食品安全刘红兵,2019-01-04
高雅的小清新,崔永元,2019-01-04
zl浮光掠影,崔永元,2019-01-04
卿卿64502,崔永元,2019-01-04
taihu25,崔永元,2019-01-04
岁月蹉跎了时光i,崔永元,2019-01-04
超級美女的老爸,崔永元,2019-01-04
轩辕一念,崔永元,2019-01-04
雷达扫描器,崔永元,2019-01-04
哭贵,崔永元,2019-01-04
DQYX_1987,崔永元,2019-01-04
枭存朋,崔永元,2019-01-04
钟老汉哎2,崔永元,2019-01-04
一厢情愿也,崔永元,2019-01-04
无心睡眠llm,食品安全刘红兵,2019-01-04
KIFI燃烧,崔永元,2019-01-04
年轻的赌圣,斐讯无良企业,2019-01-04
年轻的赌圣,等待正义归来,2019-01-04
年轻的赌圣,开心伤不起10,2019-01-04
一叶小舟048,崔永元,2019-01-04
年轻的赌圣,联璧金融斐讯欠债还钱,2019-01-04
年轻的赌圣,开心伤不起10,2019-01-04
鷄鳴叄國,崔永元,2019-01-04
年轻的赌圣,LuckyTam,2019-01-04
年轻的赌圣,unilever_pure,2019-01-04
全然不同,崔永元,2019-01-04
冬雪腊梅花,崔永元,2019-01-04
大圣姑姑,崔永元,2019-01-04
乐彤律师,崔永元,2019-01-04
梅姐200708,崔永元,2019-01-04
幻影之心800,崔永元,2019-01-04
caiti101,unilever_pure,2019-01-04
帖子治国,崔永元,2019-01-04
吴思-建筑思,崔永元,2019-01-04
wxh246,崔永元,2019-01-04
莲语随风,崔永元,2019-01-04
-罪夜之奔-,崔永元,2019-01-04
Catharine_Huo2011,崔永元,2019-01-04
福福贵,食品安全刘红兵,2019-01-04
兰空大院子弟,崔永元,2019-01-04
暖阳伴猫,崔永元,2019-01-04
Badboy腾腾,崔永元,2019-01-04
手机用户1873472987,崔永元,2019-01-04
天津成天乐,崔永元,2019-01-04
秉笔大监,崔永元,2019-01-04
独行客12973,食品安全刘红兵,2019-01-04
fuping1210_,崔永元,2019-01-04
邱木五且,崔永元,2019-01-04
小季桃子,食品安全刘红兵,2019-01-04
DIY东风泊,崔永元,2019-01-04
一笑见苍穹,崔永元,2019-01-04
用户5667660411,崔永元,2019-01-04
大道只渡有缘人,崔永元,2019-01-04
么么哒·黛,崔永元,2019-01-04
emmaforsure,崔永元,2019-01-04
YOU选商服,崔永元,2019-01-04
dxc885900,崔永元,2019-01-04
哥的距离你搜狗不到,崔永元,2019-01-04
找萝卜的兔乖乖,崔永元,2019-01-04
程星火,食品安全刘红兵,2019-01-04
佳遇真可爱,崔永元,2019-01-04
朱木木宝贝,崔永元,2019-01-04
赵不着调调儿,崔永元,2019-01-04
鞑子二黑,崔永元,2019-01-04
荒唐的陈军瑞,崔永元,2019-01-04
AKM003,崔永元,2019-01-04
花的买卖,崔永元,2019-01-04
馨怡紫竹姐妹花,崔永元,2019-01-04
低调的不着调123,崔永元,2019-01-04
冻鱼殿下,崔永元,2019-01-04
青岛-海蛎子,崔永元,2019-01-04
两颗甜糖呀,崔永元,2019-01-04
灭世之King,崔永元,2019-01-04
溧阳老狄,崔永元,2019-01-04
绿豆和薏仁,崔永元,2019-01-04
gzhxf2016,崔永元,2019-01-04
米阑-忧伤,崔永元,2019-01-04
长剑216,食品安全刘红兵,2019-01-04
小食堂201709,崔永元,2019-01-04
恭闵,崔永元,2019-01-04
用户5183003489,崔永元,2019-01-04
安姗西班牙,崔永元,2019-01-04
用户6113338982,崔永元,2019-01-04
inanui,崔永元,2019-01-04
艳阳天198005,崔永元,2019-01-04
张荣荣70509,崔永元,2019-01-04
殷国铭V,崔永元,2019-01-04
真李-韦戈,崔永元,2019-01-04
枯L树,崔永元,2019-01-04
言不由衷5239,崔永元,2019-01-04
吃梦的莫奇,崔永元,2019-01-04
木木格咪,崔永元,2019-01-04
硕石风静树止,一路上有你活在当下,2019-01-04
yongliangy,崔永元,2019-01-04
二次元的啊啊啊啊啊啊啊2333,崔永元,2019-01-04
淡看红尘,崔永元,2019-01-04
吾以观复73,崔永元,2019-01-04
sunny仰光,崔永元,2019-01-04
瑾拓CNY1111,崔永元,2019-01-04
阿美的美食单,崔永元,2019-01-04
午夜酒神老司机张叫兽,崔永元,2019-01-04
维杰莉,崔永元,2019-01-04
爱生活的xiaoxiao,崔永元,2019-01-04
一路上有你活在当下,崔永元,2019-01-04
欧阳何赛,崔永元,2019-01-04
老陈HD,崔永元,2019-01-04
dcldv心雨,崔永元,2019-01-04
刘作起,崔永元,2019-01-04
老式步枪-,崔永元,2019-01-04
王等闲耀晨甜甜圈VIP,崔永元,2019-01-04
刘旺363699231,崔永元,2019-01-04
璇子的春夏秋冬,食品安全刘红兵,2019-01-04
一江两岸----杏花村,崔永元,2019-01-04
文竹雨亭,崔永元,2019-01-04
范bb的牌坊,崔永元,2019-01-04
眹凡人,崔永元,2019-01-04
范bb的牌坊,崔永元,2019-01-04
水滴石穿6水晶,食品安全刘红兵,2019-01-04
九河晓月,崔永元,2019-01-04
秦岭小窝,崔永元,2019-01-04
无知者什么,崔永元,2019-01-04
大灰狼200610,食品安全刘红兵,2019-01-04
深山樵夫W,崔永元,2019-01-04
丹古楼,崔永元,2019-01-04
一天到夜愁头骨气,崔永元,2019-01-04
高空v云雀,崔永元,2019-01-04
女巫的蟑螂汤,崔永元,2019-01-04
安娜的鄙视,崔永元,2019-01-04
sjfxlbhqlll130,食品安全刘红兵,2019-01-04
一公斤生活,崔永元,2019-01-04
用户6352286824,崔永元,2019-01-04
心境---y,崔永元,2019-01-04
容静容,崔永元,2019-01-04
自由禧儿,崔永元,2019-01-04
蓮蓮咖啡,崔永元,2019-01-04
微尘V,崔永元,2019-01-04
银河之星yk,崔永元,2019-01-04
用户6448970441,崔永元,2019-01-04
海棠熟了,食品安全刘红兵,2019-01-04
桃花依旧笑虫虫,崔永元,2019-01-04
Suzy闲的,崔永元,2019-01-04
蝶儿雪柳,食品安全刘红兵,2019-01-04
造形生势-心也,崔永元,2019-01-04
秦卫华v,崔永元,2019-01-04
狙击手008,崔永元,2019-01-04
桃花依旧笑虫虫,崔永元,2019-01-04
特工猎魔,食品安全刘红兵,2019-01-04
安娜的鄙视,崔永元,2019-01-04
开心伤不起10,崔永元,2019-01-04
博爱儿,崔永元没有扎实的数据,2019-01-04
神雕鹰隼,食品安全刘红兵,2019-01-04
乱蹦哒的牙签,崔永元,2019-01-04
三民的故乡,崔永元,2019-01-04
8bo668800,食品安全刘红兵,2019-01-04
眼动心不动,崔永元,2019-01-04
幸福指数5546946731,崔永元,2019-01-04
开心伤不起10,崔永元,2019-01-04
南昌王朗,崔永元,2019-01-04
思雨思诗雨,崔永元,2019-01-04
攻城虎,食品安全刘红兵,2019-01-04
新鬼武者_9808,崔永元,2019-01-04
山水有梦意难平,崔永元,2019-01-04
绿里奇迹Vicky,崔永元,2019-01-04
纯恋蜜语64539,食品安全刘红兵,2019-01-04
香水百合304,崔永元,2019-01-04
zhouzizhou,崔永元,2019-01-04
LibbyOurhom,崔永元,2019-01-04
鹏城山人游世界,崔永元,2019-01-04
送酒星,崔永元,2019-01-04
买的昵称,崔永元,2019-01-04
朱可Lf,崔永元,2019-01-04
冷剑热血,崔永元,2019-01-04
Mindfuxk,崔永元,2019-01-04
rainnyonline,食品安全刘红兵,2019-01-04
竹子青青V,崔永元,2019-01-04
twpqeqrsxy,崔永元,2019-01-04
啄米滴石大锅,崔永元,2019-01-04
鬥戰勝佛1919,崔永元,2019-01-04
农夫20105233,崔永元,2019-01-04
雷雷的呐喊,崔永元,2019-01-04
王春生律师,崔永元,2019-01-04
Jneochen,崔永元,2019-01-04
軟餅乾,崔永元,2019-01-04
章炳麟,崔永元,2019-01-04
低眉浅笑私语,崔永元,2019-01-04
丫丫鱼9956,崔永元,2019-01-04
郑高峰168,崔永元,2019-01-04
巴拿阿里,崔永元,2019-01-04
咸炸人圆,崔永元,2019-01-04
脸红的白沙桃,崔永元,2019-01-04
绿水无忧201508,崔永元,2019-01-04
一个传奇201810,一个传奇201810,2019-01-04
奇異恩典Amazing,食品安全刘红兵,2019-01-07
核壳结构计划,食品安全刘红兵,2019-01-06
核壳结构计划,食品安全刘红兵,2019-01-06
饿了回家吃饭吧,食品安全刘红兵,2019-01-06
bigbanggf,食品安全刘红兵,2019-01-06
8835436出来混的,麻油故灯,2019-01-06
闲坐听鸣琴,喜悦平静,2019-01-06
麻油故灯,刘,2019-01-05
喜悦平静,白云遏tongmt,2019-01-05
秋日私语1976,食品安全刘红兵,2019-01-05
喜悦平静,食品安全刘红兵,2019-01-05
FarAwayFromHome渣浪,食品安全刘红兵,2019-01-05
窝在家里疼老婆,食品安全刘红兵,2019-01-05
用户envan572as,食品安全刘红兵,2019-01-05
王道明WDM,食品安全刘红兵,2019-01-05
用户6276796963,食品安全刘红兵,2019-01-05
简单朴素666,食品安全刘红兵,2019-01-05
EXMOL厂家,中华打狗队长,2019-01-05
和气致祥Chen,崔永元,2019-01-05
方凌月月,崔永元,2019-01-05
十年磨子剑,食品安全刘红兵,2019-01-05
廖老头儿,火狐狸与夏吾冬,2019-01-05
特李不独行,食品安全刘红兵,2019-01-05
用户6517162978,食品安全刘红兵,2019-01-05
暖栾暖,崔永元,2019-01-05
我要拯救银河系123,崔永元,2019-01-05
风推一叶舟,食品安全刘红兵,2019-01-05
萧军2014,食品安全刘红兵,2019-01-05
孙位学43411,食品安全刘红兵,2019-01-05
忽悠帝国,食品安全刘红兵,2019-01-05
庄里的童话,食品安全刘红兵,2019-01-05
一摄郎,食品安全刘红兵,2019-01-05
体贴的柔风藏黑枪,食品安全刘红兵,2019-01-05
黄瓜和大海,食品安全刘红兵,2019-01-05
今日发微,崔永元,2019-01-05
广西虎爸,王海,2019-01-05
我也想当铲屎官666,崔永元,2019-01-05
批儒大仙,崔永元,2019-01-05
闻恒子,崔永元,2019-01-05
aubyiyi2017,崔永元,2019-01-05
火狐狸与夏吾冬,食品安全刘红兵,2019-01-04
无糖哥,食品安全刘红兵,2019-01-04
2019食百亿计划,食品安全刘红兵,2019-01-04
关灯_吃泡面,崔永元,2019-01-04
窝在家里疼老婆,食品安全刘红兵,2019-01-04
蜡笔小新的使者,食品安全刘红兵,2019-01-04
食品安全刘红兵,食品安全刘红兵,2019-01-04
峦城汉子,食品安全刘红兵,2019-01-04
食品安全刘红兵,食品安全刘红兵,2019-01-04
粉红狗之爹,崔永元,2019-01-04
李博浩老爸,长春蓝视,2019-01-04
三只兔子爱吃HLB,崔永元,2019-01-04
Daniel-hu,崔永元,2019-01-04
GUOGUO木易,崔永元,2019-01-04
希望与信念,崔永元,2019-01-04
小雪667762017,食品安全刘红兵,2019-01-04
缈缈无凭,崔永元,2019-01-04
帶汨d魚,崔永元,2019-01-04
九好就好999200201,崔永元,2019-01-04
滨許0815,食品安全刘红兵,2019-01-04
琰与庄子,崔永元,2019-01-04
超级和特级,崔永元,2019-01-04
Shaohua-,食品安全刘红兵,2019-01-04
最美国民,崔永元,2019-01-04
云想资本,崔永元,2019-01-04
手机用户2750939631,崔永元,2019-01-04
济阳陈晨,崔永元,2019-01-04
爱谁谁40963,崔永元,2019-01-04
dxbdl,食品安全刘红兵,2019-01-04
含烟悠幽,崔永元,2019-01-04
北斗f,中华打狗队长,2019-01-04
禾舀草人zu,崔永元,2019-01-04
司马V贺兰敏之,崔永元,2019-01-04
新危博,崔永元,2019-01-04
用户6160629294,崔永元,2019-01-04
砼砼怎么个情况,崔永元,2019-01-04
水淼淼一直在,石头霁月,2019-01-04
正义必胜699,崔永元,2019-01-04
V战斗天使V,崔永元,2019-01-04
悠悠生活lcz,崔永元,2019-01-04
崔龙魁,崔永元,2019-01-04
KTNND,崔永元,2019-01-04
在哪呢195,崔永元,2019-01-04
乡村教师代言人-马去,食品安全刘红兵,2019-01-04
富岛穷小子,崔永元,2019-01-04
小手揣兜踢屁屁,食品安全刘红兵,2019-01-04
长江小黑,食品安全刘红兵,2019-01-04
天海龙行,崔永元,2019-01-04
都是常有的事,干理粮,2019-01-04
love楚楚1,崔永元,2019-01-04
EVAN-Li159753,崔永元,2019-01-04
TomTangG,崔永元,2019-01-04
风言风语33333,崔永元,2019-01-04
少爷海皮,崔永元,2019-01-04
文文BX,食品安全刘红兵,2019-01-04
云中漫步628,崔永元,2019-01-04
云想依-,崔永元,2019-01-04
石头霁月,崔永元,2019-01-04
牡丹198607,崔永元,2019-01-04
鸿泽兄弟,食品安全刘红兵,2019-01-04
简单朴素666,崔永元,2019-01-04
咚咚咚1006,食品安全刘红兵,2019-01-04
正义杠神,崔永元,2019-01-04
Snowflying40,崔永元,2019-01-04
Fight_For_Fat,食品安全刘红兵,2019-01-04
Alphonse_ElriczzzZZZZ,崔永元,2019-01-04
史記之石頭記,崔永元,2019-01-04
他山滚石2,食品安全刘红兵,2019-01-04
kubin,崔永元,2019-01-04
一定不摇尾乞怜,崔永元,2019-01-04
时候的时候的时候的时候,崔永元,2019-01-04
狗粉博物馆,崔永元,2019-01-04
蕴空1987,崔永元,2019-01-04
烙饼要加葱,食品安全刘红兵,2019-01-04
system_joker,崔永元,2019-01-04
用户438197661,崔永元,2019-01-04
W_Man369,崔永元,2019-01-04
木头1018,崔永元,2019-01-04
欢喜美慰,崔永元,2019-01-04
飘过的云200305,食品安全刘红兵,2019-01-04
-长太息,崔永元,2019-01-04
嗡嗡小盆友2004,崔永元,2019-01-04
随缘释怀,崔永元,2019-01-04
无锡创天文化17,食品安全刘红兵,2019-01-04
半醒半梦300,食品安全刘红兵,2019-01-04
我是你壮哥666,崔永元,2019-01-04
无糖哥,崔永元,2019-01-04
刚哥6060,崔永元,2019-01-04
QIngMNan南,崔永元,2019-01-04
挡不住的看De淡1点006,崔永元,2019-01-04
瑶宝在天上飞,崔永元,2019-01-04
Orangelee1012,崔永元,2019-01-04
anwebo,崔永元,2019-01-04
猫妖精尾巴,食品安全刘红兵,2019-01-04
何事惊慌_MAX,崔永元,2019-01-04
snail200610,崔永元,2019-01-04
淡淡的壳,崔永元,2019-01-04
我用一生去追寻,崔永元,2019-01-04
阳光里树荫下草地上,食品安全刘红兵,2019-01-04
好人一生平安113000,食品安全刘红兵,2019-01-04
天时地利人和有神助,食品安全刘红兵,2019-01-04
林森沐阳,崔永元,2019-01-04
用户6516488521,食品安全刘红兵,2019-01-04
木灶林木灶灵,崔永元,2019-01-04
Mary爱喵喵,崔永元,2019-01-04
用户为正义而来776,崔永元,2019-01-04
雯雯雯呓,食品安全刘红兵,2019-01-04
开着奔驰去放羊3,崔永元,2019-01-04
挡不住的看De淡1点006,崔永元,2019-01-04
月亮的背面--神的家园,崔永元,2019-01-04
三体蓝色空间号,崔永元,2019-01-04
Remix-Z,崔永元,2019-01-04
铿锵铜钺,崔永元,2019-01-04
用户6599450697,崔永元,2019-01-04
春柳60,崔永元,2019-01-04
hu_tenny,崔永元,2019-01-04
大清河孩童,崔永元,2019-01-04
欢笑的阿福k1,崔永元,2019-01-04
七界226,崔永元,2019-01-04
BobTang555,崔永元,2019-01-04
群魔沧海,食品安全刘红兵,2019-01-04
爱生活的xiaoxiao,崔永元,2019-01-04
峰峰人,崔永元,2019-01-04
擦肩而过66543,崔永元,2019-01-04
崔永元,食品安全刘红兵,2019-01-04
故人嘆_淺墨,坛九爷,2019-01-11
云南锦胜雾森科技,锦胜雾森环保科技有限公司,2019-01-05
环保小痞,中国绿发会,2018-12-28
小幸运looking,老爸评测-魏老爸,2019-03-01
蘭昜,老爸评测-魏老爸,2019-02-21
有养,老爸评测-魏老爸,2019-02-21
阳雪dream,一蓑烟雨游江南,2018-12-14
李木子有故事,一蓑烟雨游江南,2018-12-14
数码的味道,三叶帆投资,2019-01-24
三叶帆投资,期货日报网,2018-12-12
